,0
E2L4_GATGCTACAGGCACAA,Monocytes
L3_AACGTCACATCAGCAT,Monocytes
L3_GGAATGGGTCTAACGT,Monocytes
E2L7_GTCATTTAGGCCTTCG,Monocytes
E2L6_CCCTTAGCATTGACCA,Monocytes
E2L8_CTGAATGAGACGTCGA,Monocytes
E2L2_AAGCATCAGAAGATCT,Monocytes
E2L2_ACTTCCGTCTGGACCG,Monocytes
E2L6_GTCGTTCGTGTTACAC,Monocytes
E2L6_TTACCGCAGGTAGCCA,Monocytes
E2L6_GCTTTCGAGGTGTGAC,Monocytes
E2L4_CTCAGGGAGGCTGGAT,Monocytes
E2L7_CTGTACCAGTAGAATC,Monocytes
E2L2_TGTGTGAAGCGCATCC,T cells CD4 conv
L4_CCACTTGAGCACGGAT,T cells CD4 conv
E2L8_GTAGGAGAGAGTGGCT,T cells CD4 conv
L3_GAACTGTCAATCGCCG,T cells CD4 conv
L4_AGACACTTCTTTCTAG,T cells CD4 conv
E2L8_AGATAGACATCGTTCC,T cells CD4 conv
L3_CTGCTCATCTCTATGT,T cells CD4 conv
E2L5_AGGTTGTTCGTTCGCT,T cells CD4 conv
L3_ACCGTTCGTAGACGGT,T cells CD4 conv
E2L6_CACGGGTAGTGTCATC,T cells CD4 conv
E2L6_ATAGGCTCAAGCGCAA,T cells CD4 conv
E2L7_TAGATCGAGCATTGTC,T cells CD4 conv
E2L5_CCTCAACCAAACAGGC,T cells CD8
L3_AGAAGTAAGACTACCT,T cells CD8
E2L7_TGATTTCGTACCTAAC,T cells CD8
L1_GTTATGGAGGAGAGTA,T cells CD8
L2_AGCTTCCGTTGATCGT,T cells CD8
L5_GTCGTTCGTTCCTTGC,T cells CD8
E2L8_ATGAGGGGTATGGAAT,T cells CD8
E2L6_CCCTGATAGCGCACAA,T cells CD8
L1_CTAGACAGTAATGATG,T cells CD8
L4_ACAAAGATCTGAGATC,T cells CD8
E2L4_ATGCATGAGATACCAA,T cells CD8
L1_TGAGCGCAGTGTTCCA,T cells CD8
L1_TCACTCGCATTCTGTT,T cells CD8
E2L3_ACGTCCTCACTCAGAT,NK cells
E2L8_TCCAGAACAGCGTAGA,NK cells
L1_GGAGGATGTATCGCGC,NK cells
E2L1_TACCCGTTCCGACGGT,NK cells
L5_TCAAGTGTCCGCGATG,NK cells
E2L6_TGGAGGACAAAGGGTC,NK cells
E2L6_CGAGTGCCACTCCTGT,NK cells
E2L6_TAGGGTTCAGCGATTT,NK cells
E2L7_AATCGACGTATGACAA,NK cells
E2L4_AGTGTTGTCCCGTGAG,NK cells
E2L5_TGTACAGTCCCTCGAT,NK cells
E2L8_CATTCTACAAGAGGCT,NK cells
E2L6_AGACCCGCAAGACGGT,B cells
L1_TTGTTCAGTGGGCTCT,B cells
L4_TACTTACTCTCGACCT,B cells
E2L6_AACCTGACATGTCAGT,B cells
E2L8_TTCCACGTCGAGATAA,B cells
E2L7_AGGCTGCGTGGGTCAA,B cells
E2L4_TAAGCCAAGAGAGTGA,B cells
E2L4_CTCATCGAGGAACGAA,B cells
L2_CCTAACCCACTTCTCG,B cells
E2L4_GAAGTAATCTCTCAAT,B cells
E2L6_GCACTAATCCGCTAGG,B cells
E2L6_CTCACTGAGCCGCACT,B cells
E2L1_CCTCTCCCATACGCAT,B cells
E2L7_GCTCAAACAACTCCCT,pDC
E2L6_CCGGACAAGAGTTGTA,pDC
L4_CATTCTAGTCCCAAAT,pDC
E2L1_TTGTGTTCAGGAGACT,pDC
L3_CTGTAGATCGCCAGTG,pDC
E2L5_ACATCCCGTAGAATGT,pDC
L1_TCTCTGGTCTTTGCAT,pDC
L3_CCCATTGAGCTTCGTA,Tregs
L2_AACCAACTCCACACAA,Tregs
L4_CTAGACACACTCCACT,Tregs
L1_ATTCTACCATCGTCCT,Tregs
L2_GGGTTATTCTTCCACG,Tregs
L1_CGTGAATCATGGCGCT,Tregs
L4_GAGACTTCAAGATGGC,Tregs
L4_AGTTAGCAGAGTCTGG,Tregs
L5_ATCGTGAAGAGATTCA,Tregs
L2_AAAGTCCAGTTGCTCA,Tregs
L1_CCCTGATAGACTTCAC,Tregs
L4_GACAGCCTCTGCATGA,Tregs
L4_TACATTCCACATTCGA,Tregs
E2L4_TGTTGGAGTCCTACAA,Plasma cells
L1_TCGAACATCTGAGGTT,Plasma cells
E2L2_CGAGTGCAGCGCATCC,Plasma cells
L2_CATGCGGCAATCGCGC,mDC
E2L1_CGGACACAGACTAGAT,mDC
L5_AGAAGCGCACGACAGA,mDC
L3_CATTGCCCAAGACAAT,mDC
E2L8_CCTTGTGTCACTCACC,mDC
E2L4_CTAGACACAGGACTAG,mDC
E2L5_GGTTGTACAGAATCGG,mDC
E2L5_ATGGTTGAGTGAGGTC,mDC
E2L3_GCTTTCGTCGACGATT,mDC
